{
  "data": [
    {
      "key": "2Km",
      "distance": 2000,
      "pools": [
        "water"
      ],
	  "colour":255
    },
    {
      "key": "5Km",
      "distance": 5000,
      "pools": [
        "fire"
      ],
	  "colour":16711680
    },
    {
      "key": "10Km",
      "distance": 10000,
      "pools": [
        "grass"
      ],
	  "colour":65280
    },
    {
      "key": "20Km",
      "distance": 20000,
      "pools": [
        "grass", "fire", "water"
      ],
	  "colour":16711935
    }
  ]
}
